<metadata xml:lang="fr"><Esri><CreaDate>20220524</CreaDate><CreaTime>11321200</CreaTime><ArcGISFormat>1.0</ArcGISFormat><SyncOnce>FALSE</SyncOnce><DataProperties><itemProps><itemName Sync="TRUE">DA_heat_waves_2016</itemName><imsContentType Sync="TRUE">002</imsContentType><itemLocation><linkage Sync="TRUE">file://\\ffgg.ulaval.ca\Fichiers\FFGG\GGR\Cartographie\Karine\Benoit\SCHL\Donnees_atals_vul\SHP_Victoria_pour_telechargement\DA_heat_waves_2016.shp</linkage><protocol Sync="TRUE">Local Area Network</protocol></itemLocation><itemSize Sync="TRUE">0.000</itemSize></itemProps><coordRef><type Sync="TRUE">Projected</type><geogcsn Sync="TRUE">GCS_WGS_1984</geogcsn><csUnits Sync="TRUE">Linear Unit: Meter (1.000000)</csUnits><projcsn Sync="TRUE">WGS_1984_Web_Mercator_Auxiliary_Sphere</projcsn><peXml Sync="TRUE">&lt;ProjectedCoordinateSystem xsi:type='typens:ProjectedCoordinateSystem' xmlns:xsi='http://www.w3.org/2001/XMLSchema-instance' xmlns:xs='http://www.w3.org/2001/XMLSchema' xmlns:typens='http://www.esri.com/schemas/ArcGIS/2.9.0'&gt;&lt;WKT&gt;PROJCS[&amp;quot;WGS_1984_Web_Mercator_Auxiliary_Sphere&amp;quot;,GEOGCS[&amp;quot;GCS_WGS_1984&amp;quot;,DATUM[&amp;quot;D_WGS_1984&amp;quot;,SPHEROID[&amp;quot;WGS_1984&amp;quot;,6378137.0,298.257223563]],PRIMEM[&amp;quot;Greenwich&amp;quot;,0.0],UNIT[&amp;quot;Degree&amp;quot;,0.0174532925199433]],PROJECTION[&amp;quot;Mercator_Auxiliary_Sphere&amp;quot;],PARAMETER[&amp;quot;False_Easting&amp;quot;,0.0],PARAMETER[&amp;quot;False_Northing&amp;quot;,0.0],PARAMETER[&amp;quot;Central_Meridian&amp;quot;,0.0],PARAMETER[&amp;quot;Standard_Parallel_1&amp;quot;,0.0],PARAMETER[&amp;quot;Auxiliary_Sphere_Type&amp;quot;,0.0],UNIT[&amp;quot;Meter&amp;quot;,1.0],AUTHORITY[&amp;quot;EPSG&amp;quot;,3857]]&lt;/WKT&gt;&lt;XOrigin&gt;-20037700&lt;/XOrigin&gt;&lt;YOrigin&gt;-30241100&lt;/YOrigin&gt;&lt;XYScale&gt;148923141.92838538&lt;/XYScale&gt;&lt;ZOrigin&gt;-100000&lt;/ZOrigin&gt;&lt;ZScale&gt;10000&lt;/ZScale&gt;&lt;MOrigin&gt;-100000&lt;/MOrigin&gt;&lt;MScale&gt;10000&lt;/MScale&gt;&lt;XYTolerance&gt;0.001&lt;/XYTolerance&gt;&lt;ZTolerance&gt;0.001&lt;/ZTolerance&gt;&lt;MTolerance&gt;0.001&lt;/MTolerance&gt;&lt;HighPrecision&gt;true&lt;/HighPrecision&gt;&lt;WKID&gt;102100&lt;/WKID&gt;&lt;LatestWKID&gt;3857&lt;/LatestWKID&gt;&lt;/ProjectedCoordinateSystem&gt;</peXml></coordRef><lineage><Process ToolSource="c:\program files\arcgis\pro\Resources\ArcToolbox\toolboxes\Conversion Tools.tbx\FeatureClassToFeatureClass" Date="20220315" Time="090104">FeatureClassToFeatureClass Validation_Ottawa\Vulnerabilite2_Chaleur_RMR_Ottawa P:\IDUL-Partages\Geographie\Cartographie\Karine\Benoit\SCHL\Donnees_atals_vul\Donnees_atlas.gdb\Web_mercator Vulnerabilite2_Chaleur_RMR_Ottawa # "GeoUID "GeoUID" true true false 24 Double 15 23,First,#,Validation_Ottawa\Vulnerabilite2_Chaleur_RMR_Ottawa,GeoUID,-1,-1;RMRNOM "RMRNOM" true true false 80 Text 0 0,First,#,Validation_Ottawa\Vulnerabilite2_Chaleur_RMR_Ottawa,RMRNOM,0,80;AgeSens "AgeSens" true true false 24 Double 15 23,First,#,Validation_Ottawa\Vulnerabilite2_Chaleur_RMR_Ottawa,AgeSens,-1,-1;SansDpl "SansDpl" true true false 24 Double 15 23,First,#,Validation_Ottawa\Vulnerabilite2_Chaleur_RMR_Ottawa,SansDpl,-1,-1;ImmiRcn "ImmiRcn" true true false 24 Double 15 23,First,#,Validation_Ottawa\Vulnerabilite2_Chaleur_RMR_Ottawa,ImmiRcn,-1,-1;LangOff "LangOff" true true false 24 Double 15 23,First,#,Validation_Ottawa\Vulnerabilite2_Chaleur_RMR_Ottawa,LangOff,-1,-1;PersSel "PersSel" true true false 24 Double 15 23,First,#,Validation_Ottawa\Vulnerabilite2_Chaleur_RMR_Ottawa,PersSel,-1,-1;FamMono "FamMono" true true false 24 Double 15 23,First,#,Validation_Ottawa\Vulnerabilite2_Chaleur_RMR_Ottawa,FamMono,-1,-1;LogLoue "LogLoue" true true false 24 Double 15 23,First,#,Validation_Ottawa\Vulnerabilite2_Chaleur_RMR_Ottawa,LogLoue,-1,-1;FaiblRv "FaiblRv" true true false 24 Double 15 23,First,#,Validation_Ottawa\Vulnerabilite2_Chaleur_RMR_Ottawa,FaiblRv,-1,-1;Loyer30 "Loyer30" true true false 24 Double 15 23,First,#,Validation_Ottawa\Vulnerabilite2_Chaleur_RMR_Ottawa,Loyer30,-1,-1;RepaMaj "RepaMaj" true true false 24 Double 15 23,First,#,Validation_Ottawa\Vulnerabilite2_Chaleur_RMR_Ottawa,RepaMaj,-1,-1;Res5etg "Res5etg" true true false 24 Double 15 23,First,#,Validation_Ottawa\Vulnerabilite2_Chaleur_RMR_Ottawa,Res5etg,-1,-1;Log1980 "Log1980" true true false 24 Double 15 23,First,#,Validation_Ottawa\Vulnerabilite2_Chaleur_RMR_Ottawa,Log1980,-1,-1;SUHII_t "SUHII_t" true true false 24 Double 15 23,First,#,Validation_Ottawa\Vulnerabilite2_Chaleur_RMR_Ottawa,SUHII_t,-1,-1;IndSns_ "IndSns_" true true false 24 Double 15 23,First,#,Validation_Ottawa\Vulnerabilite2_Chaleur_RMR_Ottawa,IndSns_,-1,-1;Expo_tt "Expo_tt" true true false 24 Double 15 23,First,#,Validation_Ottawa\Vulnerabilite2_Chaleur_RMR_Ottawa,Expo_tt,-1,-1" #</Process><Process ToolSource="c:\program files\arcgis\pro\Resources\ArcToolbox\toolboxes\Data Management Tools.tbx\Merge" Date="20220404" Time="102013">Merge P:\IDUL-Partages\Geographie\Cartographie\Karine\Benoit\SCHL\Donnees_atals_vul\Donnees_atlas.gdb\Web_mercator\Vulnerabilite2_Chaleur_RMR_Ottawa;P:\IDUL-Partages\Geographie\Cartographie\Karine\Benoit\SCHL\Donnees_atals_vul\Donnees_atlas.gdb\Web_mercator\Vulnerabilite2_Chaleur_RMR_Toronto;P:\IDUL-Partages\Geographie\Cartographie\Karine\Benoit\SCHL\Donnees_atals_vul\Donnees_atlas.gdb\Web_mercator\Vulnerabilite_Chaleur_RMR_Victoria;P:\IDUL-Partages\Geographie\Cartographie\Karine\Benoit\SCHL\Donnees_atals_vul\Donnees_atlas.gdb\Web_mercator\Vulnerabilite_Chaleur_RMR_Windsor P:\IDUL-Partages\Geographie\Cartographie\Karine\Benoit\SCHL\Donnees_atals_vul\Donnees_atlas.gdb\Web_mercator\Vulnerabilite_Chaleur_RMR_complet "GeoUID "GeoUID" true true false 8 Double 0 0,First,#,P:\IDUL-Partages\Geographie\Cartographie\Karine\Benoit\SCHL\Donnees_atals_vul\Donnees_atlas.gdb\Web_mercator\Vulnerabilite2_Chaleur_RMR_Ottawa,GeoUID,-1,-1,P:\IDUL-Partages\Geographie\Cartographie\Karine\Benoit\SCHL\Donnees_atals_vul\Donnees_atlas.gdb\Web_mercator\Vulnerabilite2_Chaleur_RMR_Toronto,GeoUID,-1,-1,P:\IDUL-Partages\Geographie\Cartographie\Karine\Benoit\SCHL\Donnees_atals_vul\Donnees_atlas.gdb\Web_mercator\Vulnerabilite_Chaleur_RMR_Victoria,GeoUID,-1,-1,P:\IDUL-Partages\Geographie\Cartographie\Karine\Benoit\SCHL\Donnees_atals_vul\Donnees_atlas.gdb\Web_mercator\Vulnerabilite_Chaleur_RMR_Windsor,GeoUID,-1,-1;RMRNOM "RMRNOM" true true false 80 Text 0 0,First,#,P:\IDUL-Partages\Geographie\Cartographie\Karine\Benoit\SCHL\Donnees_atals_vul\Donnees_atlas.gdb\Web_mercator\Vulnerabilite2_Chaleur_RMR_Ottawa,RMRNOM,0,80,P:\IDUL-Partages\Geographie\Cartographie\Karine\Benoit\SCHL\Donnees_atals_vul\Donnees_atlas.gdb\Web_mercator\Vulnerabilite2_Chaleur_RMR_Toronto,RMRNOM,0,80,P:\IDUL-Partages\Geographie\Cartographie\Karine\Benoit\SCHL\Donnees_atals_vul\Donnees_atlas.gdb\Web_mercator\Vulnerabilite_Chaleur_RMR_Victoria,RMRNOM,0,80,P:\IDUL-Partages\Geographie\Cartographie\Karine\Benoit\SCHL\Donnees_atals_vul\Donnees_atlas.gdb\Web_mercator\Vulnerabilite_Chaleur_RMR_Windsor,RMRNOM,0,80;AgeSens "AgeSens" true true false 8 Double 0 0,First,#,P:\IDUL-Partages\Geographie\Cartographie\Karine\Benoit\SCHL\Donnees_atals_vul\Donnees_atlas.gdb\Web_mercator\Vulnerabilite2_Chaleur_RMR_Ottawa,AgeSens,-1,-1,P:\IDUL-Partages\Geographie\Cartographie\Karine\Benoit\SCHL\Donnees_atals_vul\Donnees_atlas.gdb\Web_mercator\Vulnerabilite2_Chaleur_RMR_Toronto,AgeSens,-1,-1,P:\IDUL-Partages\Geographie\Cartographie\Karine\Benoit\SCHL\Donnees_atals_vul\Donnees_atlas.gdb\Web_mercator\Vulnerabilite_Chaleur_RMR_Victoria,AgeSens,-1,-1,P:\IDUL-Partages\Geographie\Cartographie\Karine\Benoit\SCHL\Donnees_atals_vul\Donnees_atlas.gdb\Web_mercator\Vulnerabilite_Chaleur_RMR_Windsor,AgeSens,-1,-1;SansDpl "SansDpl" true true false 8 Double 0 0,First,#,P:\IDUL-Partages\Geographie\Cartographie\Karine\Benoit\SCHL\Donnees_atals_vul\Donnees_atlas.gdb\Web_mercator\Vulnerabilite2_Chaleur_RMR_Ottawa,SansDpl,-1,-1,P:\IDUL-Partages\Geographie\Cartographie\Karine\Benoit\SCHL\Donnees_atals_vul\Donnees_atlas.gdb\Web_mercator\Vulnerabilite2_Chaleur_RMR_Toronto,SansDpl,-1,-1,P:\IDUL-Partages\Geographie\Cartographie\Karine\Benoit\SCHL\Donnees_atals_vul\Donnees_atlas.gdb\Web_mercator\Vulnerabilite_Chaleur_RMR_Victoria,SansDiplo,-1,-1,P:\IDUL-Partages\Geographie\Cartographie\Karine\Benoit\SCHL\Donnees_atals_vul\Donnees_atlas.gdb\Web_mercator\Vulnerabilite_Chaleur_RMR_Windsor,SansDiplo,-1,-1;ImmiRcn "ImmiRcn" true true false 8 Double 0 0,First,#,P:\IDUL-Partages\Geographie\Cartographie\Karine\Benoit\SCHL\Donnees_atals_vul\Donnees_atlas.gdb\Web_mercator\Vulnerabilite2_Chaleur_RMR_Ottawa,ImmiRcn,-1,-1,P:\IDUL-Partages\Geographie\Cartographie\Karine\Benoit\SCHL\Donnees_atals_vul\Donnees_atlas.gdb\Web_mercator\Vulnerabilite2_Chaleur_RMR_Toronto,ImmiRcn,-1,-1,P:\IDUL-Partages\Geographie\Cartographie\Karine\Benoit\SCHL\Donnees_atals_vul\Donnees_atlas.gdb\Web_mercator\Vulnerabilite_Chaleur_RMR_Windsor,ImmiRecen,-1,-1,P:\IDUL-Partages\Geographie\Cartographie\Karine\Benoit\SCHL\Donnees_atals_vul\Donnees_atlas.gdb\Web_mercator\Vulnerabilite_Chaleur_RMR_Victoria,ImmiRecen,-1,-1;LangOff "LangOff" true true false 8 Double 0 0,First,#,P:\IDUL-Partages\Geographie\Cartographie\Karine\Benoit\SCHL\Donnees_atals_vul\Donnees_atlas.gdb\Web_mercator\Vulnerabilite2_Chaleur_RMR_Ottawa,LangOff,-1,-1,P:\IDUL-Partages\Geographie\Cartographie\Karine\Benoit\SCHL\Donnees_atals_vul\Donnees_atlas.gdb\Web_mercator\Vulnerabilite2_Chaleur_RMR_Toronto,LangOff,-1,-1,P:\IDUL-Partages\Geographie\Cartographie\Karine\Benoit\SCHL\Donnees_atals_vul\Donnees_atlas.gdb\Web_mercator\Vulnerabilite_Chaleur_RMR_Victoria,LangueOff,-1,-1,P:\IDUL-Partages\Geographie\Cartographie\Karine\Benoit\SCHL\Donnees_atals_vul\Donnees_atlas.gdb\Web_mercator\Vulnerabilite_Chaleur_RMR_Windsor,LangueOff,-1,-1;PersSel "PersSel" true true false 8 Double 0 0,First,#,P:\IDUL-Partages\Geographie\Cartographie\Karine\Benoit\SCHL\Donnees_atals_vul\Donnees_atlas.gdb\Web_mercator\Vulnerabilite2_Chaleur_RMR_Ottawa,PersSel,-1,-1,P:\IDUL-Partages\Geographie\Cartographie\Karine\Benoit\SCHL\Donnees_atals_vul\Donnees_atlas.gdb\Web_mercator\Vulnerabilite2_Chaleur_RMR_Toronto,PersSel,-1,-1,P:\IDUL-Partages\Geographie\Cartographie\Karine\Benoit\SCHL\Donnees_atals_vul\Donnees_atlas.gdb\Web_mercator\Vulnerabilite_Chaleur_RMR_Victoria,PersSeule,-1,-1,P:\IDUL-Partages\Geographie\Cartographie\Karine\Benoit\SCHL\Donnees_atals_vul\Donnees_atlas.gdb\Web_mercator\Vulnerabilite_Chaleur_RMR_Windsor,PersSeule,-1,-1;FamMono "FamMono" true true false 8 Double 0 0,First,#,P:\IDUL-Partages\Geographie\Cartographie\Karine\Benoit\SCHL\Donnees_atals_vul\Donnees_atlas.gdb\Web_mercator\Vulnerabilite2_Chaleur_RMR_Ottawa,FamMono,-1,-1,P:\IDUL-Partages\Geographie\Cartographie\Karine\Benoit\SCHL\Donnees_atals_vul\Donnees_atlas.gdb\Web_mercator\Vulnerabilite2_Chaleur_RMR_Toronto,FamMono,-1,-1,P:\IDUL-Partages\Geographie\Cartographie\Karine\Benoit\SCHL\Donnees_atals_vul\Donnees_atlas.gdb\Web_mercator\Vulnerabilite_Chaleur_RMR_Victoria,FamMono,-1,-1,P:\IDUL-Partages\Geographie\Cartographie\Karine\Benoit\SCHL\Donnees_atals_vul\Donnees_atlas.gdb\Web_mercator\Vulnerabilite_Chaleur_RMR_Windsor,FamMono,-1,-1;LogLoue "LogLoue" true true false 8 Double 0 0,First,#,P:\IDUL-Partages\Geographie\Cartographie\Karine\Benoit\SCHL\Donnees_atals_vul\Donnees_atlas.gdb\Web_mercator\Vulnerabilite2_Chaleur_RMR_Ottawa,LogLoue,-1,-1,P:\IDUL-Partages\Geographie\Cartographie\Karine\Benoit\SCHL\Donnees_atals_vul\Donnees_atlas.gdb\Web_mercator\Vulnerabilite2_Chaleur_RMR_Toronto,LogLoue,-1,-1,P:\IDUL-Partages\Geographie\Cartographie\Karine\Benoit\SCHL\Donnees_atals_vul\Donnees_atlas.gdb\Web_mercator\Vulnerabilite_Chaleur_RMR_Victoria,LogLoue,-1,-1,P:\IDUL-Partages\Geographie\Cartographie\Karine\Benoit\SCHL\Donnees_atals_vul\Donnees_atlas.gdb\Web_mercator\Vulnerabilite_Chaleur_RMR_Windsor,LogLoue,-1,-1;FaiblRv "FaiblRv" true true false 8 Double 0 0,First,#,P:\IDUL-Partages\Geographie\Cartographie\Karine\Benoit\SCHL\Donnees_atals_vul\Donnees_atlas.gdb\Web_mercator\Vulnerabilite2_Chaleur_RMR_Ottawa,FaiblRv,-1,-1,P:\IDUL-Partages\Geographie\Cartographie\Karine\Benoit\SCHL\Donnees_atals_vul\Donnees_atlas.gdb\Web_mercator\Vulnerabilite2_Chaleur_RMR_Toronto,FaiblRv,-1,-1,P:\IDUL-Partages\Geographie\Cartographie\Karine\Benoit\SCHL\Donnees_atals_vul\Donnees_atlas.gdb\Web_mercator\Vulnerabilite_Chaleur_RMR_Victoria,FaibleRev,-1,-1,P:\IDUL-Partages\Geographie\Cartographie\Karine\Benoit\SCHL\Donnees_atals_vul\Donnees_atlas.gdb\Web_mercator\Vulnerabilite_Chaleur_RMR_Windsor,FaibleRev,-1,-1;Loyer30 "Loyer30" true true false 8 Double 0 0,First,#,P:\IDUL-Partages\Geographie\Cartographie\Karine\Benoit\SCHL\Donnees_atals_vul\Donnees_atlas.gdb\Web_mercator\Vulnerabilite2_Chaleur_RMR_Ottawa,Loyer30,-1,-1,P:\IDUL-Partages\Geographie\Cartographie\Karine\Benoit\SCHL\Donnees_atals_vul\Donnees_atlas.gdb\Web_mercator\Vulnerabilite2_Chaleur_RMR_Toronto,Loyer30,-1,-1,P:\IDUL-Partages\Geographie\Cartographie\Karine\Benoit\SCHL\Donnees_atals_vul\Donnees_atlas.gdb\Web_mercator\Vulnerabilite_Chaleur_RMR_Victoria,Loyer30,-1,-1,P:\IDUL-Partages\Geographie\Cartographie\Karine\Benoit\SCHL\Donnees_atals_vul\Donnees_atlas.gdb\Web_mercator\Vulnerabilite_Chaleur_RMR_Windsor,Loyer30,-1,-1;RepaMaj "RepaMaj" true true false 8 Double 0 0,First,#,P:\IDUL-Partages\Geographie\Cartographie\Karine\Benoit\SCHL\Donnees_atals_vul\Donnees_atlas.gdb\Web_mercator\Vulnerabilite2_Chaleur_RMR_Ottawa,RepaMaj,-1,-1,P:\IDUL-Partages\Geographie\Cartographie\Karine\Benoit\SCHL\Donnees_atals_vul\Donnees_atlas.gdb\Web_mercator\Vulnerabilite2_Chaleur_RMR_Toronto,RepaMaj,-1,-1,P:\IDUL-Partages\Geographie\Cartographie\Karine\Benoit\SCHL\Donnees_atals_vul\Donnees_atlas.gdb\Web_mercator\Vulnerabilite_Chaleur_RMR_Victoria,RepaMaj,-1,-1,P:\IDUL-Partages\Geographie\Cartographie\Karine\Benoit\SCHL\Donnees_atals_vul\Donnees_atlas.gdb\Web_mercator\Vulnerabilite_Chaleur_RMR_Windsor,RepaMaj,-1,-1;Res5etg "Res5etg" true true false 8 Double 0 0,First,#,P:\IDUL-Partages\Geographie\Cartographie\Karine\Benoit\SCHL\Donnees_atals_vul\Donnees_atlas.gdb\Web_mercator\Vulnerabilite2_Chaleur_RMR_Ottawa,Res5etg,-1,-1,P:\IDUL-Partages\Geographie\Cartographie\Karine\Benoit\SCHL\Donnees_atals_vul\Donnees_atlas.gdb\Web_mercator\Vulnerabilite2_Chaleur_RMR_Toronto,Res5etg,-1,-1,P:\IDUL-Partages\Geographie\Cartographie\Karine\Benoit\SCHL\Donnees_atals_vul\Donnees_atlas.gdb\Web_mercator\Vulnerabilite_Chaleur_RMR_Victoria,Res5etage,-1,-1,P:\IDUL-Partages\Geographie\Cartographie\Karine\Benoit\SCHL\Donnees_atals_vul\Donnees_atlas.gdb\Web_mercator\Vulnerabilite_Chaleur_RMR_Windsor,Res5etage,-1,-1;Log1980 "Log1980" true true false 8 Double 0 0,First,#,P:\IDUL-Partages\Geographie\Cartographie\Karine\Benoit\SCHL\Donnees_atals_vul\Donnees_atlas.gdb\Web_mercator\Vulnerabilite2_Chaleur_RMR_Ottawa,Log1980,-1,-1,P:\IDUL-Partages\Geographie\Cartographie\Karine\Benoit\SCHL\Donnees_atals_vul\Donnees_atlas.gdb\Web_mercator\Vulnerabilite2_Chaleur_RMR_Toronto,Log1980,-1,-1,P:\IDUL-Partages\Geographie\Cartographie\Karine\Benoit\SCHL\Donnees_atals_vul\Donnees_atlas.gdb\Web_mercator\Vulnerabilite_Chaleur_RMR_Victoria,Log1980,-1,-1,P:\IDUL-Partages\Geographie\Cartographie\Karine\Benoit\SCHL\Donnees_atals_vul\Donnees_atlas.gdb\Web_mercator\Vulnerabilite_Chaleur_RMR_Windsor,Log1980,-1,-1;SUHII_t "SUHII_t" true true false 8 Double 0 0,First,#,P:\IDUL-Partages\Geographie\Cartographie\Karine\Benoit\SCHL\Donnees_atals_vul\Donnees_atlas.gdb\Web_mercator\Vulnerabilite2_Chaleur_RMR_Ottawa,SUHII_t,-1,-1,P:\IDUL-Partages\Geographie\Cartographie\Karine\Benoit\SCHL\Donnees_atals_vul\Donnees_atlas.gdb\Web_mercator\Vulnerabilite2_Chaleur_RMR_Toronto,SUHII_t,-1,-1,P:\IDUL-Partages\Geographie\Cartographie\Karine\Benoit\SCHL\Donnees_atals_vul\Donnees_atlas.gdb\Web_mercator\Vulnerabilite_Chaleur_RMR_Victoria,SUHII,-1,-1,P:\IDUL-Partages\Geographie\Cartographie\Karine\Benoit\SCHL\Donnees_atals_vul\Donnees_atlas.gdb\Web_mercator\Vulnerabilite_Chaleur_RMR_Windsor,SUHII,-1,-1;IndSns_ "IndSns_" true true false 8 Double 0 0,First,#,P:\IDUL-Partages\Geographie\Cartographie\Karine\Benoit\SCHL\Donnees_atals_vul\Donnees_atlas.gdb\Web_mercator\Vulnerabilite2_Chaleur_RMR_Ottawa,IndSns_,-1,-1,P:\IDUL-Partages\Geographie\Cartographie\Karine\Benoit\SCHL\Donnees_atals_vul\Donnees_atlas.gdb\Web_mercator\Vulnerabilite2_Chaleur_RMR_Toronto,IndSns_,-1,-1,P:\IDUL-Partages\Geographie\Cartographie\Karine\Benoit\SCHL\Donnees_atals_vul\Donnees_atlas.gdb\Web_mercator\Vulnerabilite_Chaleur_RMR_Victoria,IndSnsV,-1,-1,P:\IDUL-Partages\Geographie\Cartographie\Karine\Benoit\SCHL\Donnees_atals_vul\Donnees_atlas.gdb\Web_mercator\Vulnerabilite_Chaleur_RMR_Windsor,InSens,-1,-1;Expo_tt "Expo_tt" true true false 8 Double 0 0,First,#,P:\IDUL-Partages\Geographie\Cartographie\Karine\Benoit\SCHL\Donnees_atals_vul\Donnees_atlas.gdb\Web_mercator\Vulnerabilite2_Chaleur_RMR_Ottawa,Expo_tt,-1,-1,P:\IDUL-Partages\Geographie\Cartographie\Karine\Benoit\SCHL\Donnees_atals_vul\Donnees_atlas.gdb\Web_mercator\Vulnerabilite2_Chaleur_RMR_Toronto,Expo_tr,-1,-1,P:\IDUL-Partages\Geographie\Cartographie\Karine\Benoit\SCHL\Donnees_atals_vul\Donnees_atlas.gdb\Web_mercator\Vulnerabilite_Chaleur_RMR_Victoria,ExpoV,-1,-1,P:\IDUL-Partages\Geographie\Cartographie\Karine\Benoit\SCHL\Donnees_atals_vul\Donnees_atlas.gdb\Web_mercator\Vulnerabilite_Chaleur_RMR_Windsor,InExpo,-1,-1;Shape_Length "Shape_Length" false true true 8 Double 0 0,First,#,P:\IDUL-Partages\Geographie\Cartographie\Karine\Benoit\SCHL\Donnees_atals_vul\Donnees_atlas.gdb\Web_mercator\Vulnerabilite2_Chaleur_RMR_Ottawa,Shape_Length,-1,-1,P:\IDUL-Partages\Geographie\Cartographie\Karine\Benoit\SCHL\Donnees_atals_vul\Donnees_atlas.gdb\Web_mercator\Vulnerabilite2_Chaleur_RMR_Toronto,Shape_Length,-1,-1,P:\IDUL-Partages\Geographie\Cartographie\Karine\Benoit\SCHL\Donnees_atals_vul\Donnees_atlas.gdb\Web_mercator\Vulnerabilite_Chaleur_RMR_Victoria,Shape_Length,-1,-1,P:\IDUL-Partages\Geographie\Cartographie\Karine\Benoit\SCHL\Donnees_atals_vul\Donnees_atlas.gdb\Web_mercator\Vulnerabilite_Chaleur_RMR_Windsor,Shape_Length,-1,-1;Shape_Area "Shape_Area" false true true 8 Double 0 0,First,#,P:\IDUL-Partages\Geographie\Cartographie\Karine\Benoit\SCHL\Donnees_atals_vul\Donnees_atlas.gdb\Web_mercator\Vulnerabilite2_Chaleur_RMR_Ottawa,Shape_Area,-1,-1,P:\IDUL-Partages\Geographie\Cartographie\Karine\Benoit\SCHL\Donnees_atals_vul\Donnees_atlas.gdb\Web_mercator\Vulnerabilite2_Chaleur_RMR_Toronto,Shape_Area,-1,-1,P:\IDUL-Partages\Geographie\Cartographie\Karine\Benoit\SCHL\Donnees_atals_vul\Donnees_atlas.gdb\Web_mercator\Vulnerabilite_Chaleur_RMR_Victoria,Shape_Area,-1,-1,P:\IDUL-Partages\Geographie\Cartographie\Karine\Benoit\SCHL\Donnees_atals_vul\Donnees_atlas.gdb\Web_mercator\Vulnerabilite_Chaleur_RMR_Windsor,Shape_Area,-1,-1;Expo_tr "Expo_tr" true true false 8 Double 0 0,First,#,P:\IDUL-Partages\Geographie\Cartographie\Karine\Benoit\SCHL\Donnees_atals_vul\Donnees_atlas.gdb\Web_mercator\Vulnerabilite2_Chaleur_RMR_Toronto,Expo_tr,-1,-1;SansDiplo "SansDiplo" true true false 8 Double 0 0,First,#,P:\IDUL-Partages\Geographie\Cartographie\Karine\Benoit\SCHL\Donnees_atals_vul\Donnees_atlas.gdb\Web_mercator\Vulnerabilite_Chaleur_RMR_Victoria,SansDiplo,-1,-1,P:\IDUL-Partages\Geographie\Cartographie\Karine\Benoit\SCHL\Donnees_atals_vul\Donnees_atlas.gdb\Web_mercator\Vulnerabilite_Chaleur_RMR_Windsor,SansDiplo,-1,-1;ImmiRecen "ImmiRecen" true true false 8 Double 0 0,First,#,P:\IDUL-Partages\Geographie\Cartographie\Karine\Benoit\SCHL\Donnees_atals_vul\Donnees_atlas.gdb\Web_mercator\Vulnerabilite_Chaleur_RMR_Victoria,ImmiRecen,-1,-1,P:\IDUL-Partages\Geographie\Cartographie\Karine\Benoit\SCHL\Donnees_atals_vul\Donnees_atlas.gdb\Web_mercator\Vulnerabilite_Chaleur_RMR_Windsor,ImmiRecen,-1,-1;LangueOff "LangueOff" true true false 8 Double 0 0,First,#,P:\IDUL-Partages\Geographie\Cartographie\Karine\Benoit\SCHL\Donnees_atals_vul\Donnees_atlas.gdb\Web_mercator\Vulnerabilite_Chaleur_RMR_Victoria,LangueOff,-1,-1,P:\IDUL-Partages\Geographie\Cartographie\Karine\Benoit\SCHL\Donnees_atals_vul\Donnees_atlas.gdb\Web_mercator\Vulnerabilite_Chaleur_RMR_Windsor,LangueOff,-1,-1;PersSeule "PersSeule" true true false 8 Double 0 0,First,#,P:\IDUL-Partages\Geographie\Cartographie\Karine\Benoit\SCHL\Donnees_atals_vul\Donnees_atlas.gdb\Web_mercator\Vulnerabilite_Chaleur_RMR_Victoria,PersSeule,-1,-1,P:\IDUL-Partages\Geographie\Cartographie\Karine\Benoit\SCHL\Donnees_atals_vul\Donnees_atlas.gdb\Web_mercator\Vulnerabilite_Chaleur_RMR_Windsor,PersSeule,-1,-1;FaibleRev "FaibleRev" true true false 8 Double 0 0,First,#,P:\IDUL-Partages\Geographie\Cartographie\Karine\Benoit\SCHL\Donnees_atals_vul\Donnees_atlas.gdb\Web_mercator\Vulnerabilite_Chaleur_RMR_Victoria,FaibleRev,-1,-1,P:\IDUL-Partages\Geographie\Cartographie\Karine\Benoit\SCHL\Donnees_atals_vul\Donnees_atlas.gdb\Web_mercator\Vulnerabilite_Chaleur_RMR_Windsor,FaibleRev,-1,-1;Res5etage "Res5etage" true true false 8 Double 0 0,First,#,P:\IDUL-Partages\Geographie\Cartographie\Karine\Benoit\SCHL\Donnees_atals_vul\Donnees_atlas.gdb\Web_mercator\Vulnerabilite_Chaleur_RMR_Victoria,Res5etage,-1,-1,P:\IDUL-Partages\Geographie\Cartographie\Karine\Benoit\SCHL\Donnees_atals_vul\Donnees_atlas.gdb\Web_mercator\Vulnerabilite_Chaleur_RMR_Windsor,Res5etage,-1,-1;SUHII "SUHII" true true false 8 Double 0 0,First,#,P:\IDUL-Partages\Geographie\Cartographie\Karine\Benoit\SCHL\Donnees_atals_vul\Donnees_atlas.gdb\Web_mercator\Vulnerabilite_Chaleur_RMR_Victoria,SUHII,-1,-1,P:\IDUL-Partages\Geographie\Cartographie\Karine\Benoit\SCHL\Donnees_atals_vul\Donnees_atlas.gdb\Web_mercator\Vulnerabilite_Chaleur_RMR_Windsor,SUHII,-1,-1;IndSnsV "IndSnsV" true true false 8 Double 0 0,First,#,P:\IDUL-Partages\Geographie\Cartographie\Karine\Benoit\SCHL\Donnees_atals_vul\Donnees_atlas.gdb\Web_mercator\Vulnerabilite_Chaleur_RMR_Victoria,IndSnsV,-1,-1;ExpoV "ExpoV" true true false 8 Double 0 0,First,#,P:\IDUL-Partages\Geographie\Cartographie\Karine\Benoit\SCHL\Donnees_atals_vul\Donnees_atlas.gdb\Web_mercator\Vulnerabilite_Chaleur_RMR_Victoria,ExpoV,-1,-1;InSens "InSens" true true false 8 Double 0 0,First,#,P:\IDUL-Partages\Geographie\Cartographie\Karine\Benoit\SCHL\Donnees_atals_vul\Donnees_atlas.gdb\Web_mercator\Vulnerabilite_Chaleur_RMR_Windsor,InSens,-1,-1;InExpo "InExpo" true true false 8 Double 0 0,First,#,P:\IDUL-Partages\Geographie\Cartographie\Karine\Benoit\SCHL\Donnees_atals_vul\Donnees_atlas.gdb\Web_mercator\Vulnerabilite_Chaleur_RMR_Windsor,InExpo,-1,-1" NO_SOURCE_INFO</Process><Process ToolSource="c:\program files\arcgis\pro\Resources\ArcToolbox\toolboxes\Data Management Tools.tbx\UpdateSchema" Date="20220404" Time="104221">UpdateSchema "CIMDATA=&lt;CIMFeatureDatasetDataConnection xsi:type='typens:CIMFeatureDatasetDataConnection' xmlns:xsi='http://www.w3.org/2001/XMLSchema-instance' xmlns:xs='http://www.w3.org/2001/XMLSchema' xmlns:typens='http://www.esri.com/schemas/ArcGIS/2.8.0'&gt;&lt;FeatureDataset&gt;Web_mercator&lt;/FeatureDataset&gt;&lt;WorkspaceConnectionString&gt;DATABASE=P:\IDUL-Partages\Geographie\Cartographie\Karine\Benoit\SCHL\Donnees_atals_vul\Donnees_atlas.gdb&lt;/WorkspaceConnectionString&gt;&lt;WorkspaceFactory&gt;FileGDB&lt;/WorkspaceFactory&gt;&lt;Dataset&gt;Vulnerabilite_Chaleur_RMR_complet&lt;/Dataset&gt;&lt;DatasetType&gt;esriDTFeatureClass&lt;/DatasetType&gt;&lt;/CIMFeatureDatasetDataConnection&gt;" &lt;operationSequence&gt;&lt;workflow&gt;&lt;DeleteField&gt;&lt;field_name&gt;Expo_tr&lt;/field_name&gt;&lt;field_name&gt;SansDiplo&lt;/field_name&gt;&lt;field_name&gt;ImmiRecen&lt;/field_name&gt;&lt;field_name&gt;LangueOff&lt;/field_name&gt;&lt;field_name&gt;PersSeule&lt;/field_name&gt;&lt;field_name&gt;FaibleRev&lt;/field_name&gt;&lt;field_name&gt;Res5etage&lt;/field_name&gt;&lt;field_name&gt;SUHII&lt;/field_name&gt;&lt;field_name&gt;IndSnsV&lt;/field_name&gt;&lt;field_name&gt;ExpoV&lt;/field_name&gt;&lt;field_name&gt;InSens&lt;/field_name&gt;&lt;field_name&gt;InExpo&lt;/field_name&gt;&lt;/DeleteField&gt;&lt;/workflow&gt;&lt;/operationSequence&gt;</Process><Process ToolSource="c:\program files\arcgis\pro\Resources\ArcToolbox\toolboxes\Conversion Tools.tbx\FeatureClassToFeatureClass" Date="20220502" Time="170941">FeatureClassToFeatureClass Validation_4_RMR\Vulnerabilite_Chaleur_RMR_complet_exp P:\IDUL-Partages\Geographie\Cartographie\Karine\Benoit\SCHL\Donnees_atals_vul\Donnees_atlas.gdb\Web_mercator_RMR_Victoria_2016 Vulnerabilite_Chaleur_RMR_Victoria_2016 # "GeoUID "Identification of the dissemination area" true true false 8 Double 0 0,First,#,Validation_4_RMR\Vulnerabilite_Chaleur_RMR_complet_exp,GeoUID,-1,-1;RMRNOM "Census metropolitan area (CMA)" true true false 80 Text 0 0,First,#,Validation_4_RMR\Vulnerabilite_Chaleur_RMR_complet_exp,RMRNOM,0,80;AgeSens "Proportion of elderly (≥ 65 years old) and children (≤ 4 years old) (%)" true true false 8 Double 0 0,First,#,Validation_4_RMR\Vulnerabilite_Chaleur_RMR_complet_exp,AgeSens,-1,-1;SansDpl "Proportion of people with no diploma, certificate or degree (%)" true true false 8 Double 0 0,First,#,Validation_4_RMR\Vulnerabilite_Chaleur_RMR_complet_exp,SansDpl,-1,-1;ImmiRcn "Proportion of recent immigrants (%)" true true false 8 Double 0 0,First,#,Validation_4_RMR\Vulnerabilite_Chaleur_RMR_complet_exp,ImmiRcn,-1,-1;LangOff "Proportion of people not knowing an official language (%)" true true false 8 Double 0 0,First,#,Validation_4_RMR\Vulnerabilite_Chaleur_RMR_complet_exp,LangOff,-1,-1;PersSel "Proportion of people living alone (%)" true true false 8 Double 0 0,First,#,Validation_4_RMR\Vulnerabilite_Chaleur_RMR_complet_exp,PersSel,-1,-1;FamMono "Proportion of single-parent families (%)" true true false 8 Double 0 0,First,#,Validation_4_RMR\Vulnerabilite_Chaleur_RMR_complet_exp,FamMono,-1,-1;LogLoue "Proportion of dwellings rented (%)" true true false 8 Double 0 0,First,#,Validation_4_RMR\Vulnerabilite_Chaleur_RMR_complet_exp,LogLoue,-1,-1;FaiblRv "Incidence of low income in 2015 based on the after-tax low income measure (%)" true true false 8 Double 0 0,First,#,Validation_4_RMR\Vulnerabilite_Chaleur_RMR_complet_exp,FaiblRv,-1,-1;Loyer30 "Proportion of renters spending 30% or more of household income on housing (%)" true true false 8 Double 0 0,First,#,Validation_4_RMR\Vulnerabilite_Chaleur_RMR_complet_exp,Loyer30,-1,-1;RepaMaj "Proportion of dwellings in need of major repairs (%)" true true false 8 Double 0 0,First,#,Validation_4_RMR\Vulnerabilite_Chaleur_RMR_complet_exp,RepaMaj,-1,-1;Res5etg "Proportion of residences with 5 floors or more (%)" true true false 8 Double 0 0,First,#,Validation_4_RMR\Vulnerabilite_Chaleur_RMR_complet_exp,Res5etg,-1,-1;Log1980 "Proportion of dwellings built before 1980 (%)" true true false 8 Double 0 0,First,#,Validation_4_RMR\Vulnerabilite_Chaleur_RMR_complet_exp,Log1980,-1,-1;SUHII_t "Surface urban heat island intensity" true true false 8 Double 0 0,First,#,Validation_4_RMR\Vulnerabilite_Chaleur_RMR_complet_exp,SUHII_t,-1,-1;IndSns_ "Vulnerability index" true true false 8 Double 0 0,First,#,Validation_4_RMR\Vulnerabilite_Chaleur_RMR_complet_exp,IndSns_,-1,-1;Expo_tt "Exposure index" true true false 8 Double 0 0,First,#,Validation_4_RMR\Vulnerabilite_Chaleur_RMR_complet_exp,Expo_tt,-1,-1;Shape_Length "Shape_Length" false true true 8 Double 0 0,First,#,Validation_4_RMR\Vulnerabilite_Chaleur_RMR_complet_exp,Shape_Length,-1,-1;Shape_Area "Shape_Area" false true true 8 Double 0 0,First,#,Validation_4_RMR\Vulnerabilite_Chaleur_RMR_complet_exp,Shape_Area,-1,-1" #</Process><Process ToolSource="c:\program files\arcgis\pro\Resources\ArcToolbox\toolboxes\Data Management Tools.tbx\UpdateSchema" Date="20220504" Time="165714">UpdateSchema "CIMDATA=&lt;CIMFeatureDatasetDataConnection xsi:type='typens:CIMFeatureDatasetDataConnection' xmlns:xsi='http://www.w3.org/2001/XMLSchema-instance' xmlns:xs='http://www.w3.org/2001/XMLSchema' xmlns:typens='http://www.esri.com/schemas/ArcGIS/2.8.0'&gt;&lt;FeatureDataset&gt;Web_mercator_RMR_Victoria_2016&lt;/FeatureDataset&gt;&lt;WorkspaceConnectionString&gt;DATABASE=S:\FFGG\GGR\Cartographie\Karine\Benoit\SCHL\Donnees_atals_vul\Donnees_atlas.gdb&lt;/WorkspaceConnectionString&gt;&lt;WorkspaceFactory&gt;FileGDB&lt;/WorkspaceFactory&gt;&lt;Dataset&gt;Vulnerabilite_Chaleur_RMR_Victoria_2016&lt;/Dataset&gt;&lt;DatasetType&gt;esriDTFeatureClass&lt;/DatasetType&gt;&lt;/CIMFeatureDatasetDataConnection&gt;" "&lt;operationSequence&gt;&lt;workflow&gt;&lt;AddField&gt;&lt;field_name&gt;Sens_2&lt;/field_name&gt;&lt;field_type&gt;DOUBLE&lt;/field_type&gt;&lt;field_alias&gt;by dissemination area&lt;/field_alias&gt;&lt;field_is_nullable&gt;True&lt;/field_is_nullable&gt;&lt;field_is_required&gt;False&lt;/field_is_required&gt;&lt;/AddField&gt;&lt;/workflow&gt;&lt;/operationSequence&gt;"</Process><Process ToolSource="c:\program files\arcgis\pro\Resources\ArcToolbox\toolboxes\Data Management Tools.tbx\CalculateField" Date="20220504" Time="165813">CalculateField Vulnerabilite_Chaleur_RMR_Victoria_2016_sens Sens_2 !IndSns_! "Python 3" # Texte NO_ENFORCE_DOMAINS</Process><Process ToolSource="c:\program files\arcgis\pro\Resources\ArcToolbox\toolboxes\Data Management Tools.tbx\UpdateSchema" Date="20220504" Time="170225">UpdateSchema "CIMDATA=&lt;CIMFeatureDatasetDataConnection xsi:type='typens:CIMFeatureDatasetDataConnection' xmlns:xsi='http://www.w3.org/2001/XMLSchema-instance' xmlns:xs='http://www.w3.org/2001/XMLSchema' xmlns:typens='http://www.esri.com/schemas/ArcGIS/2.8.0'&gt;&lt;FeatureDataset&gt;Web_mercator_RMR_Victoria_2016&lt;/FeatureDataset&gt;&lt;WorkspaceConnectionString&gt;DATABASE=S:\FFGG\GGR\Cartographie\Karine\Benoit\SCHL\Donnees_atals_vul\Donnees_atlas.gdb&lt;/WorkspaceConnectionString&gt;&lt;WorkspaceFactory&gt;FileGDB&lt;/WorkspaceFactory&gt;&lt;Dataset&gt;Vulnerabilite_Chaleur_RMR_Victoria_2016&lt;/Dataset&gt;&lt;DatasetType&gt;esriDTFeatureClass&lt;/DatasetType&gt;&lt;/CIMFeatureDatasetDataConnection&gt;" "&lt;operationSequence&gt;&lt;workflow&gt;&lt;AddField&gt;&lt;field_name&gt;Exp_2&lt;/field_name&gt;&lt;field_type&gt;DOUBLE&lt;/field_type&gt;&lt;field_alias&gt;by dissemination area&lt;/field_alias&gt;&lt;field_is_nullable&gt;True&lt;/field_is_nullable&gt;&lt;field_is_required&gt;False&lt;/field_is_required&gt;&lt;/AddField&gt;&lt;/workflow&gt;&lt;/operationSequence&gt;"</Process><Process ToolSource="c:\program files\arcgis\pro\Resources\ArcToolbox\toolboxes\Data Management Tools.tbx\CalculateField" Date="20220504" Time="170306">CalculateField Vulnerabilite_Chaleur_RMR_Victoria_2016_exp Exp_2 !Expo_tt! "Python 3" # Texte NO_ENFORCE_DOMAINS</Process><Process ToolSource="c:\program files\arcgis\pro\Resources\ArcToolbox\toolboxes\Data Management Tools.tbx\CopyMultiple" Date="20220524" Time="113214">CopyMultiple "S:\FFGG\GGR\Cartographie\Karine\Benoit\SCHL\Donnees_atals_vul\Donnees_atlas.gdb\Web_mercator_RMR_Victoria_2016\Vulnerabilite_Chaleur_RMR_Victoria_2016 FeatureClass" S:\FFGG\GGR\Cartographie\Karine\Benoit\SCHL\Donnees_atals_vul\Donnees_atlas.gdb\Web_mercator_RMR_Victoria_2016 Vulnerabilite_Chaleur_RMR_Victoria_2016_1 "Vulnerabilite_Chaleur_RMR_Victoria_2016 FeatureClass Vulnerabilite_Chaleur_RMR_Victoria_2016_1 #"</Process><Process ToolSource="c:\program files\arcgis\pro\Resources\ArcToolbox\toolboxes\Data Management Tools.tbx\Rename" Date="20220524" Time="113234">Rename S:\FFGG\GGR\Cartographie\Karine\Benoit\SCHL\Donnees_atals_vul\Donnees_atlas.gdb\Web_mercator_RMR_Victoria_2016\Vulnerabilite_Chaleur_RMR_Victoria_2016_1 S:\FFGG\GGR\Cartographie\Karine\Benoit\SCHL\Donnees_atals_vul\Donnees_atlas.gdb\Web_mercator_RMR_Victoria_2016\Vulnerabilite_Chaleur_RMR_Victoria_2016_champ_anglais FeatureClass</Process><Process ToolSource="c:\program files\arcgis\pro\Resources\ArcToolbox\toolboxes\Data Management Tools.tbx\UpdateSchema" Date="20220525" Time="150333">UpdateSchema "CIMDATA=&lt;CIMFeatureDatasetDataConnection xsi:type='typens:CIMFeatureDatasetDataConnection' xmlns:xsi='http://www.w3.org/2001/XMLSchema-instance' xmlns:xs='http://www.w3.org/2001/XMLSchema' xmlns:typens='http://www.esri.com/schemas/ArcGIS/2.9.0'&gt;&lt;FeatureDataset&gt;Web_mercator_RMR_Victoria_2016&lt;/FeatureDataset&gt;&lt;WorkspaceConnectionString&gt;DATABASE=S:\FFGG\GGR\Cartographie\Karine\Benoit\SCHL\Donnees_atals_vul\Donnees_atlas.gdb&lt;/WorkspaceConnectionString&gt;&lt;WorkspaceFactory&gt;FileGDB&lt;/WorkspaceFactory&gt;&lt;Dataset&gt;Vulnerabilite_Chaleur_RMR_Victoria_2016_champ_anglais&lt;/Dataset&gt;&lt;DatasetType&gt;esriDTFeatureClass&lt;/DatasetType&gt;&lt;/CIMFeatureDatasetDataConnection&gt;" &lt;operationSequence&gt;&lt;workflow&gt;&lt;DeleteField&gt;&lt;field_name&gt;Sens_2&lt;/field_name&gt;&lt;field_name&gt;Exp_2&lt;/field_name&gt;&lt;/DeleteField&gt;&lt;/workflow&gt;&lt;workflow&gt;&lt;AlterField&gt;&lt;field_name&gt;RMRNOM&lt;/field_name&gt;&lt;new_field_name&gt;CMA&lt;/new_field_name&gt;&lt;field_type&gt;TEXT&lt;/field_type&gt;&lt;field_is_nullable&gt;True&lt;/field_is_nullable&gt;&lt;clear_field_alias&gt;False&lt;/clear_field_alias&gt;&lt;/AlterField&gt;&lt;/workflow&gt;&lt;workflow&gt;&lt;AlterField&gt;&lt;field_name&gt;AgeSens&lt;/field_name&gt;&lt;new_field_name&gt;EldeChild&lt;/new_field_name&gt;&lt;field_is_nullable&gt;True&lt;/field_is_nullable&gt;&lt;clear_field_alias&gt;False&lt;/clear_field_alias&gt;&lt;/AlterField&gt;&lt;/workflow&gt;&lt;workflow&gt;&lt;AlterField&gt;&lt;field_name&gt;SansDpl&lt;/field_name&gt;&lt;new_field_name&gt;NoDiplo&lt;/new_field_name&gt;&lt;field_is_nullable&gt;True&lt;/field_is_nullable&gt;&lt;clear_field_alias&gt;False&lt;/clear_field_alias&gt;&lt;/AlterField&gt;&lt;/workflow&gt;&lt;workflow&gt;&lt;AlterField&gt;&lt;field_name&gt;ImmiRcn&lt;/field_name&gt;&lt;new_field_name&gt;RecenImmi&lt;/new_field_name&gt;&lt;field_is_nullable&gt;True&lt;/field_is_nullable&gt;&lt;clear_field_alias&gt;False&lt;/clear_field_alias&gt;&lt;/AlterField&gt;&lt;/workflow&gt;&lt;workflow&gt;&lt;AlterField&gt;&lt;field_name&gt;LangOff&lt;/field_name&gt;&lt;new_field_name&gt;OffLangua&lt;/new_field_name&gt;&lt;field_is_nullable&gt;True&lt;/field_is_nullable&gt;&lt;clear_field_alias&gt;False&lt;/clear_field_alias&gt;&lt;/AlterField&gt;&lt;/workflow&gt;&lt;workflow&gt;&lt;AlterField&gt;&lt;field_name&gt;PersSel&lt;/field_name&gt;&lt;new_field_name&gt;PeopAlone&lt;/new_field_name&gt;&lt;field_is_nullable&gt;True&lt;/field_is_nullable&gt;&lt;clear_field_alias&gt;False&lt;/clear_field_alias&gt;&lt;/AlterField&gt;&lt;/workflow&gt;&lt;workflow&gt;&lt;AlterField&gt;&lt;field_name&gt;FamMono&lt;/field_name&gt;&lt;new_field_name&gt;SingleFam&lt;/new_field_name&gt;&lt;field_is_nullable&gt;True&lt;/field_is_nullable&gt;&lt;clear_field_alias&gt;False&lt;/clear_field_alias&gt;&lt;/AlterField&gt;&lt;/workflow&gt;&lt;workflow&gt;&lt;AlterField&gt;&lt;field_name&gt;LogLoue&lt;/field_name&gt;&lt;new_field_name&gt;DwelRent&lt;/new_field_name&gt;&lt;field_is_nullable&gt;True&lt;/field_is_nullable&gt;&lt;clear_field_alias&gt;False&lt;/clear_field_alias&gt;&lt;/AlterField&gt;&lt;/workflow&gt;&lt;workflow&gt;&lt;AlterField&gt;&lt;field_name&gt;FaiblRv&lt;/field_name&gt;&lt;new_field_name&gt;LowIncome&lt;/new_field_name&gt;&lt;field_is_nullable&gt;True&lt;/field_is_nullable&gt;&lt;clear_field_alias&gt;False&lt;/clear_field_alias&gt;&lt;/AlterField&gt;&lt;/workflow&gt;&lt;workflow&gt;&lt;AlterField&gt;&lt;field_name&gt;Loyer30&lt;/field_name&gt;&lt;new_field_name&gt;Rent30&lt;/new_field_name&gt;&lt;field_is_nullable&gt;True&lt;/field_is_nullable&gt;&lt;clear_field_alias&gt;False&lt;/clear_field_alias&gt;&lt;/AlterField&gt;&lt;/workflow&gt;&lt;workflow&gt;&lt;AlterField&gt;&lt;field_name&gt;RepaMaj&lt;/field_name&gt;&lt;new_field_name&gt;MajRepair&lt;/new_field_name&gt;&lt;field_is_nullable&gt;True&lt;/field_is_nullable&gt;&lt;clear_field_alias&gt;False&lt;/clear_field_alias&gt;&lt;/AlterField&gt;&lt;/workflow&gt;&lt;workflow&gt;&lt;AlterField&gt;&lt;field_name&gt;Res5etg&lt;/field_name&gt;&lt;new_field_name&gt;Res5floor&lt;/new_field_name&gt;&lt;field_is_nullable&gt;True&lt;/field_is_nullable&gt;&lt;clear_field_alias&gt;False&lt;/clear_field_alias&gt;&lt;/AlterField&gt;&lt;/workflow&gt;&lt;workflow&gt;&lt;AlterField&gt;&lt;field_name&gt;Log1980&lt;/field_name&gt;&lt;new_field_name&gt;Dwel1980&lt;/new_field_name&gt;&lt;field_is_nullable&gt;True&lt;/field_is_nullable&gt;&lt;clear_field_alias&gt;False&lt;/clear_field_alias&gt;&lt;/AlterField&gt;&lt;/workflow&gt;&lt;workflow&gt;&lt;AlterField&gt;&lt;field_name&gt;SUHII_t&lt;/field_name&gt;&lt;new_field_name&gt;SUCHII&lt;/new_field_name&gt;&lt;field_is_nullable&gt;True&lt;/field_is_nullable&gt;&lt;clear_field_alias&gt;False&lt;/clear_field_alias&gt;&lt;/AlterField&gt;&lt;/workflow&gt;&lt;workflow&gt;&lt;AlterField&gt;&lt;field_name&gt;IndSns_&lt;/field_name&gt;&lt;new_field_name&gt;VulneInd&lt;/new_field_name&gt;&lt;field_is_nullable&gt;True&lt;/field_is_nullable&gt;&lt;clear_field_alias&gt;False&lt;/clear_field_alias&gt;&lt;/AlterField&gt;&lt;/workflow&gt;&lt;workflow&gt;&lt;AlterField&gt;&lt;field_name&gt;Expo_tt&lt;/field_name&gt;&lt;new_field_name&gt;ExpoInd&lt;/new_field_name&gt;&lt;field_is_nullable&gt;True&lt;/field_is_nullable&gt;&lt;clear_field_alias&gt;False&lt;/clear_field_alias&gt;&lt;/AlterField&gt;&lt;/workflow&gt;&lt;/operationSequence&gt;</Process><Process ToolSource="c:\program files\arcgis\pro\Resources\ArcToolbox\toolboxes\Conversion Tools.tbx\FeatureClassToFeatureClass" Date="20220525" Time="150429">FeatureClassToFeatureClass Vulnerabilite_Chaleur_RMR_Victoria_2016_champ_anglais S:\FFGG\GGR\Cartographie\Karine\Benoit\SCHL\Donnees_atals_vul\SHP_Victoria_pour_telechargement DA_heat_waves_2016.shp # "GeoUID "Identification of the dissemination area" true true false 8 Double 0 0,First,#,Vulnerabilite_Chaleur_RMR_Victoria_2016_champ_anglais,GeoUID,-1,-1;CMA "Census metropolitan area (CMA)" true true false 80 Text 0 0,First,#,Vulnerabilite_Chaleur_RMR_Victoria_2016_champ_anglais,CMA,0,80;EldeChild "Proportion of elderly (≥ 65 years old) and children (≤ 4 years old) (%)" true true false 8 Double 0 0,First,#,Vulnerabilite_Chaleur_RMR_Victoria_2016_champ_anglais,EldeChild,-1,-1;NoDiplo "Proportion of people with no diploma, certificate or degree (%)" true true false 8 Double 0 0,First,#,Vulnerabilite_Chaleur_RMR_Victoria_2016_champ_anglais,NoDiplo,-1,-1;RecenImmi "Proportion of recent immigrants (%)" true true false 8 Double 0 0,First,#,Vulnerabilite_Chaleur_RMR_Victoria_2016_champ_anglais,RecenImmi,-1,-1;OffLangua "Proportion of people not knowing an official language (%)" true true false 8 Double 0 0,First,#,Vulnerabilite_Chaleur_RMR_Victoria_2016_champ_anglais,OffLangua,-1,-1;PeopAlone "Proportion of people living alone (%)" true true false 8 Double 0 0,First,#,Vulnerabilite_Chaleur_RMR_Victoria_2016_champ_anglais,PeopAlone,-1,-1;SingleFam "Proportion of single-parent families (%)" true true false 8 Double 0 0,First,#,Vulnerabilite_Chaleur_RMR_Victoria_2016_champ_anglais,SingleFam,-1,-1;DwelRent "Proportion of dwellings rented (%)" true true false 8 Double 0 0,First,#,Vulnerabilite_Chaleur_RMR_Victoria_2016_champ_anglais,DwelRent,-1,-1;LowIncome "Incidence of low income in 2015 based on the after-tax low income measure (%)" true true false 8 Double 0 0,First,#,Vulnerabilite_Chaleur_RMR_Victoria_2016_champ_anglais,LowIncome,-1,-1;Rent30 "Proportion of renters spending 30% or more of household income on housing (%)" true true false 8 Double 0 0,First,#,Vulnerabilite_Chaleur_RMR_Victoria_2016_champ_anglais,Rent30,-1,-1;MajRepair "Proportion of dwellings in need of major repairs (%)" true true false 8 Double 0 0,First,#,Vulnerabilite_Chaleur_RMR_Victoria_2016_champ_anglais,MajRepair,-1,-1;Res5floor "Proportion of residences with 5 floors or more (%)" true true false 8 Double 0 0,First,#,Vulnerabilite_Chaleur_RMR_Victoria_2016_champ_anglais,Res5floor,-1,-1;Dwel1980 "Proportion of dwellings built before 1980 (%)" true true false 8 Double 0 0,First,#,Vulnerabilite_Chaleur_RMR_Victoria_2016_champ_anglais,Dwel1980,-1,-1;SUCHII "Surface urban heat island intensity" true true false 8 Double 0 0,First,#,Vulnerabilite_Chaleur_RMR_Victoria_2016_champ_anglais,SUCHII,-1,-1;VulneInd "Vulnerability index" true true false 8 Double 0 0,First,#,Vulnerabilite_Chaleur_RMR_Victoria_2016_champ_anglais,VulneInd,-1,-1;ExpoInd "Exposure index" true true false 8 Double 0 0,First,#,Vulnerabilite_Chaleur_RMR_Victoria_2016_champ_anglais,ExpoInd,-1,-1;Shape_Length "Shape_Length" false true true 8 Double 0 0,First,#,Vulnerabilite_Chaleur_RMR_Victoria_2016_champ_anglais,Shape_Length,-1,-1;Shape_Area "Shape_Area" false true true 8 Double 0 0,First,#,Vulnerabilite_Chaleur_RMR_Victoria_2016_champ_anglais,Shape_Area,-1,-1" #</Process></lineage></DataProperties><SyncDate>20220525</SyncDate><SyncTime>15042900</SyncTime><ModDate>20220525</ModDate><ModTime>15042900</ModTime></Esri><dataIdInfo><envirDesc Sync="TRUE">Microsoft Windows 10 Version 10.0 (Build 19044) ; Esri ArcGIS 12.9.2.32739</envirDesc><dataLang><languageCode value="fra" Sync="TRUE"></languageCode><countryCode value="CAN" Sync="TRUE"></countryCode></dataLang><idCitation><resTitle Sync="TRUE">DA_heat_waves_2016</resTitle><presForm><PresFormCd value="005" Sync="TRUE"></PresFormCd></presForm></idCitation><spatRpType><SpatRepTypCd value="001" Sync="TRUE"></SpatRepTypCd></spatRpType></dataIdInfo><mdLang><languageCode value="fra" Sync="TRUE"></languageCode><countryCode value="CAN" Sync="TRUE"></countryCode></mdLang><distInfo><distFormat><formatName Sync="TRUE">Shapefile</formatName></distFormat><distTranOps><transSize Sync="TRUE">0.000</transSize></distTranOps></distInfo><mdHrLv><ScopeCd value="005" Sync="TRUE"></ScopeCd></mdHrLv><mdHrLvName Sync="TRUE">dataset</mdHrLvName><refSysInfo><RefSystem><refSysID><identCode code="3857" Sync="TRUE"></identCode><idCodeSpace Sync="TRUE">EPSG</idCodeSpace><idVersion Sync="TRUE">6.18.3(9.3.1.2)</idVersion></refSysID></RefSystem></refSysInfo><spatRepInfo><VectSpatRep><geometObjs Name="DA_heat_waves_2016"><geoObjTyp><GeoObjTypCd value="002" Sync="TRUE"></GeoObjTypCd></geoObjTyp><geoObjCnt Sync="TRUE">0</geoObjCnt></geometObjs><topLvl><TopoLevCd value="001" Sync="TRUE"></TopoLevCd></topLvl></VectSpatRep></spatRepInfo><spdoinfo><ptvctinf><esriterm Name="DA_heat_waves_2016"><efeatyp Sync="TRUE">Simple</efeatyp><efeageom code="4" Sync="TRUE"></efeageom><esritopo Sync="TRUE">FALSE</esritopo><efeacnt Sync="TRUE">0</efeacnt><spindex Sync="TRUE">FALSE</spindex><linrefer Sync="TRUE">FALSE</linrefer></esriterm></ptvctinf></spdoinfo><eainfo><detailed Name="DA_heat_waves_2016"><enttyp><enttypl Sync="TRUE">DA_heat_waves_2016</enttypl><enttypt Sync="TRUE">Feature Class</enttypt><enttypc Sync="TRUE">0</enttypc></enttyp><attr><attrlabl Sync="TRUE">FID</attrlabl><attalias Sync="TRUE">FID</attalias><attrtype Sync="TRUE">OID</attrtype><attwidth Sync="TRUE">4</attwidth><atprecis Sync="TRUE">0</atprecis><attscale Sync="TRUE">0</attscale><attrdef Sync="TRUE">Internal feature number.</attrdef><attrdefs Sync="TRUE">Esri</attrdefs><attrdomv><udom Sync="TRUE">Sequential unique whole numbers that are automatically generated.</udom></attrdomv></attr><attr><attrlabl Sync="TRUE">Shape</attrlabl><attalias Sync="TRUE">Shape</attalias><attrtype Sync="TRUE">Geometry</attrtype><attwidth Sync="TRUE">0</attwidth><atprecis Sync="TRUE">0</atprecis><attscale Sync="TRUE">0</attscale><attrdef Sync="TRUE">Feature geometry.</attrdef><attrdefs Sync="TRUE">Esri</attrdefs><attrdomv><udom Sync="TRUE">Coordinates defining the features.</udom></attrdomv></attr><attr><attrlabl Sync="TRUE">GeoUID</attrlabl><attalias Sync="TRUE">GeoUID</attalias><attrtype Sync="TRUE">Double</attrtype><attwidth Sync="TRUE">19</attwidth><atprecis Sync="TRUE">0</atprecis><attscale Sync="TRUE">0</attscale></attr><attr><attrlabl Sync="TRUE">CMA</attrlabl><attalias Sync="TRUE">CMA</attalias><attrtype Sync="TRUE">String</attrtype><attwidth Sync="TRUE">80</attwidth><atprecis Sync="TRUE">0</atprecis><attscale Sync="TRUE">0</attscale></attr><attr><attrlabl Sync="TRUE">EldeChild</attrlabl><attalias Sync="TRUE">EldeChild</attalias><attrtype Sync="TRUE">Double</attrtype><attwidth Sync="TRUE">19</attwidth><atprecis Sync="TRUE">0</atprecis><attscale Sync="TRUE">0</attscale></attr><attr><attrlabl Sync="TRUE">NoDiplo</attrlabl><attalias Sync="TRUE">NoDiplo</attalias><attrtype Sync="TRUE">Double</attrtype><attwidth Sync="TRUE">19</attwidth><atprecis Sync="TRUE">0</atprecis><attscale Sync="TRUE">0</attscale></attr><attr><attrlabl Sync="TRUE">RecenImmi</attrlabl><attalias Sync="TRUE">RecenImmi</attalias><attrtype Sync="TRUE">Double</attrtype><attwidth Sync="TRUE">19</attwidth><atprecis Sync="TRUE">0</atprecis><attscale Sync="TRUE">0</attscale></attr><attr><attrlabl Sync="TRUE">OffLangua</attrlabl><attalias Sync="TRUE">OffLangua</attalias><attrtype Sync="TRUE">Double</attrtype><attwidth Sync="TRUE">19</attwidth><atprecis Sync="TRUE">0</atprecis><attscale Sync="TRUE">0</attscale></attr><attr><attrlabl Sync="TRUE">PeopAlone</attrlabl><attalias Sync="TRUE">PeopAlone</attalias><attrtype Sync="TRUE">Double</attrtype><attwidth Sync="TRUE">19</attwidth><atprecis Sync="TRUE">0</atprecis><attscale Sync="TRUE">0</attscale></attr><attr><attrlabl Sync="TRUE">SingleFam</attrlabl><attalias Sync="TRUE">SingleFam</attalias><attrtype Sync="TRUE">Double</attrtype><attwidth Sync="TRUE">19</attwidth><atprecis Sync="TRUE">0</atprecis><attscale Sync="TRUE">0</attscale></attr><attr><attrlabl Sync="TRUE">DwelRent</attrlabl><attalias Sync="TRUE">DwelRent</attalias><attrtype Sync="TRUE">Double</attrtype><attwidth Sync="TRUE">19</attwidth><atprecis Sync="TRUE">0</atprecis><attscale Sync="TRUE">0</attscale></attr><attr><attrlabl Sync="TRUE">LowIncome</attrlabl><attalias Sync="TRUE">LowIncome</attalias><attrtype Sync="TRUE">Double</attrtype><attwidth Sync="TRUE">19</attwidth><atprecis Sync="TRUE">0</atprecis><attscale Sync="TRUE">0</attscale></attr><attr><attrlabl Sync="TRUE">Rent30</attrlabl><attalias Sync="TRUE">Rent30</attalias><attrtype Sync="TRUE">Double</attrtype><attwidth Sync="TRUE">19</attwidth><atprecis Sync="TRUE">0</atprecis><attscale Sync="TRUE">0</attscale></attr><attr><attrlabl Sync="TRUE">MajRepair</attrlabl><attalias Sync="TRUE">MajRepair</attalias><attrtype Sync="TRUE">Double</attrtype><attwidth Sync="TRUE">19</attwidth><atprecis Sync="TRUE">0</atprecis><attscale Sync="TRUE">0</attscale></attr><attr><attrlabl Sync="TRUE">Res5floor</attrlabl><attalias Sync="TRUE">Res5floor</attalias><attrtype Sync="TRUE">Double</attrtype><attwidth Sync="TRUE">19</attwidth><atprecis Sync="TRUE">0</atprecis><attscale Sync="TRUE">0</attscale></attr><attr><attrlabl Sync="TRUE">Dwel1980</attrlabl><attalias Sync="TRUE">Dwel1980</attalias><attrtype Sync="TRUE">Double</attrtype><attwidth Sync="TRUE">19</attwidth><atprecis Sync="TRUE">0</atprecis><attscale Sync="TRUE">0</attscale></attr><attr><attrlabl Sync="TRUE">SUCHII</attrlabl><attalias Sync="TRUE">SUCHII</attalias><attrtype Sync="TRUE">Double</attrtype><attwidth Sync="TRUE">19</attwidth><atprecis Sync="TRUE">0</atprecis><attscale Sync="TRUE">0</attscale></attr><attr><attrlabl Sync="TRUE">VulneInd</attrlabl><attalias Sync="TRUE">VulneInd</attalias><attrtype Sync="TRUE">Double</attrtype><attwidth Sync="TRUE">19</attwidth><atprecis Sync="TRUE">0</atprecis><attscale Sync="TRUE">0</attscale></attr><attr><attrlabl Sync="TRUE">ExpoInd</attrlabl><attalias Sync="TRUE">ExpoInd</attalias><attrtype Sync="TRUE">Double</attrtype><attwidth Sync="TRUE">19</attwidth><atprecis Sync="TRUE">0</atprecis><attscale Sync="TRUE">0</attscale></attr><attr><attrlabl Sync="TRUE">Shape_Leng</attrlabl><attalias Sync="TRUE">Shape_Leng</attalias><attrtype Sync="TRUE">Double</attrtype><attwidth Sync="TRUE">19</attwidth><atprecis Sync="TRUE">0</atprecis><attscale Sync="TRUE">0</attscale></attr><attr><attrlabl Sync="TRUE">Shape_Area</attrlabl><attalias Sync="TRUE">Shape_Area</attalias><attrtype Sync="TRUE">Double</attrtype><attwidth Sync="TRUE">19</attwidth><atprecis Sync="TRUE">0</atprecis><attscale Sync="TRUE">0</attscale><attrdef Sync="TRUE">Area of feature in internal units squared.</attrdef><attrdefs Sync="TRUE">Esri</attrdefs><attrdomv><udom Sync="TRUE">Positive real numbers that are automatically generated.</udom></attrdomv></attr></detailed></eainfo><mdDateSt Sync="TRUE">20220525</mdDateSt></metadata>
