<metadata xml:lang="fr"><Esri><CreaDate>20220512</CreaDate><CreaTime>16215100</CreaTime><ArcGISFormat>1.0</ArcGISFormat><SyncOnce>FALSE</SyncOnce><DataProperties><lineage><Process ToolSource="c:\program files\arcgis\pro\Resources\ArcToolbox\Toolboxes\Data Management Tools.tbx\UpdateSchema" Date="20220512" Time="162151">UpdateSchema "CIMDATA=&lt;CIMStandardDataConnection xsi:type='typens:CIMStandardDataConnection' xmlns:xsi='http://www.w3.org/2001/XMLSchema-instance' xmlns:xs='http://www.w3.org/2001/XMLSchema' xmlns:typens='http://www.esri.com/schemas/ArcGIS/2.9.0'&gt;&lt;WorkspaceConnectionString&gt;DATABASE=S:\FFGG\GGR\Cartographie\Karine\Benoit\SCHL\Donnees_atals_vul\victoria&lt;/WorkspaceConnectionString&gt;&lt;WorkspaceFactory&gt;Shapefile&lt;/WorkspaceFactory&gt;&lt;Dataset&gt;AD_victoria_pop21.shp&lt;/Dataset&gt;&lt;DatasetType&gt;esriDTFeatureClass&lt;/DatasetType&gt;&lt;/CIMStandardDataConnection&gt;" &lt;operationSequence&gt;&lt;workflow&gt;&lt;AddField&gt;&lt;field_name&gt;tx_0_4_2&lt;/field_name&gt;&lt;field_type&gt;LONG&lt;/field_type&gt;&lt;field_is_nullable&gt;False&lt;/field_is_nullable&gt;&lt;field_is_required&gt;False&lt;/field_is_required&gt;&lt;/AddField&gt;&lt;/workflow&gt;&lt;workflow&gt;&lt;AddField&gt;&lt;field_name&gt;tx_65_p_2&lt;/field_name&gt;&lt;field_type&gt;LONG&lt;/field_type&gt;&lt;field_is_nullable&gt;False&lt;/field_is_nullable&gt;&lt;field_is_required&gt;False&lt;/field_is_required&gt;&lt;/AddField&gt;&lt;/workflow&gt;&lt;/operationSequence&gt;</Process><Process ToolSource="c:\program files\arcgis\pro\Resources\ArcToolbox\toolboxes\Data Management Tools.tbx\CalculateField" Date="20220512" Time="162332">CalculateField AD_victoria_pop21 tx_65_p_2 !tx_0_4! "Python 3" # Texte NO_ENFORCE_DOMAINS</Process><Process ToolSource="c:\program files\arcgis\pro\Resources\ArcToolbox\toolboxes\Data Management Tools.tbx\UpdateSchema" Date="20220512" Time="162400">UpdateSchema "CIMDATA=&lt;CIMStandardDataConnection xsi:type='typens:CIMStandardDataConnection' xmlns:xsi='http://www.w3.org/2001/XMLSchema-instance' xmlns:xs='http://www.w3.org/2001/XMLSchema' xmlns:typens='http://www.esri.com/schemas/ArcGIS/2.9.0'&gt;&lt;WorkspaceConnectionString&gt;DATABASE=S:\FFGG\GGR\Cartographie\Karine\Benoit\SCHL\Donnees_atals_vul\victoria&lt;/WorkspaceConnectionString&gt;&lt;WorkspaceFactory&gt;Shapefile&lt;/WorkspaceFactory&gt;&lt;Dataset&gt;AD_victoria_pop21.shp&lt;/Dataset&gt;&lt;DatasetType&gt;esriDTFeatureClass&lt;/DatasetType&gt;&lt;/CIMStandardDataConnection&gt;" &lt;operationSequence&gt;&lt;workflow&gt;&lt;DeleteField&gt;&lt;field_name&gt;tx_0_4_2&lt;/field_name&gt;&lt;field_name&gt;tx_65_p_2&lt;/field_name&gt;&lt;/DeleteField&gt;&lt;/workflow&gt;&lt;/operationSequence&gt;</Process><Process ToolSource="c:\program files\arcgis\pro\Resources\ArcToolbox\toolboxes\Data Management Tools.tbx\UpdateSchema" Date="20220512" Time="162437">UpdateSchema "CIMDATA=&lt;CIMStandardDataConnection xsi:type='typens:CIMStandardDataConnection' xmlns:xsi='http://www.w3.org/2001/XMLSchema-instance' xmlns:xs='http://www.w3.org/2001/XMLSchema' xmlns:typens='http://www.esri.com/schemas/ArcGIS/2.9.0'&gt;&lt;WorkspaceConnectionString&gt;DATABASE=S:\FFGG\GGR\Cartographie\Karine\Benoit\SCHL\Donnees_atals_vul\victoria&lt;/WorkspaceConnectionString&gt;&lt;WorkspaceFactory&gt;Shapefile&lt;/WorkspaceFactory&gt;&lt;Dataset&gt;AD_victoria_pop21.shp&lt;/Dataset&gt;&lt;DatasetType&gt;esriDTFeatureClass&lt;/DatasetType&gt;&lt;/CIMStandardDataConnection&gt;" &lt;operationSequence&gt;&lt;workflow&gt;&lt;AddField&gt;&lt;field_name&gt;tx_0_4_2&lt;/field_name&gt;&lt;field_type&gt;DOUBLE&lt;/field_type&gt;&lt;field_is_nullable&gt;False&lt;/field_is_nullable&gt;&lt;field_is_required&gt;False&lt;/field_is_required&gt;&lt;/AddField&gt;&lt;/workflow&gt;&lt;workflow&gt;&lt;AddField&gt;&lt;field_name&gt;tx_65_p_2&lt;/field_name&gt;&lt;field_type&gt;DOUBLE&lt;/field_type&gt;&lt;field_is_nullable&gt;False&lt;/field_is_nullable&gt;&lt;field_is_required&gt;False&lt;/field_is_required&gt;&lt;/AddField&gt;&lt;/workflow&gt;&lt;/operationSequence&gt;</Process><Process ToolSource="c:\program files\arcgis\pro\Resources\ArcToolbox\toolboxes\Data Management Tools.tbx\CalculateField" Date="20220512" Time="162507">CalculateField AD_victoria_pop21 tx_0_4_2 !tx_0_4! "Python 3" # Texte NO_ENFORCE_DOMAINS</Process><Process ToolSource="c:\program files\arcgis\pro\Resources\ArcToolbox\toolboxes\Data Management Tools.tbx\CalculateField" Date="20220512" Time="162524">CalculateField AD_victoria_pop21 tx_0_4_2 !tx_65_p! "Python 3" # Texte NO_ENFORCE_DOMAINS</Process><Process ToolSource="c:\program files\arcgis\pro\Resources\ArcToolbox\toolboxes\Data Management Tools.tbx\CalculateField" Date="20220512" Time="162616">CalculateField AD_victoria_pop21 tx_0_4_2 !tx_0_4! "Python 3" # Texte NO_ENFORCE_DOMAINS</Process><Process ToolSource="c:\program files\arcgis\pro\Resources\ArcToolbox\toolboxes\Data Management Tools.tbx\CalculateField" Date="20220512" Time="162721">CalculateField AD_victoria_pop21 tx_65_p_2 !tx_65_p! "Python 3" # Texte NO_ENFORCE_DOMAINS</Process><Process ToolSource="c:\program files\arcgis\pro\Resources\ArcToolbox\toolboxes\Conversion Tools.tbx\FeatureClassToFeatureClass" Date="20220525" Time="150715">FeatureClassToFeatureClass AD_victoria_pop21_65_et_plus S:\FFGG\GGR\Cartographie\Karine\Benoit\SCHL\Donnees_atals_vul\Donnees_atlas.gdb\Web_mercator_RMR_Victoria_2016 AD_victoria_pop2021_champ_anglais # "Dwllngs "Number of dwellings" true true false 9 Long 0 9,First,#,AD_victoria_pop21_65_et_plus,Dwllngs,-1,-1;Type "Type" true true false 80 Text 0 0,First,#,AD_victoria_pop21_65_et_plus,Type,0,80;GeoUID "GeoUID" true true false 80 Text 0 0,First,#,AD_victoria_pop21_65_et_plus,GeoUID,0,80;CD_UID "CD_UID" true true false 80 Text 0 0,First,#,AD_victoria_pop21_65_et_plus,CD_UID,0,80;ShapeAr "ShapeAr" true true false 24 Double 15 23,First,#,AD_victoria_pop21_65_et_plus,ShapeAr,-1,-1;QltyFlg "QltyFlg" true true false 80 Text 0 0,First,#,AD_victoria_pop21_65_et_plus,QltyFlg,0,80;Hoshlds "Number of households" true true false 9 Long 0 9,First,#,AD_victoria_pop21_65_et_plus,Hoshlds,-1,-1;Popultn "Total population" true true false 9 Long 0 9,First,#,AD_victoria_pop21_65_et_plus,Popultn,-1,-1;name "name" true true false 80 Text 0 0,First,#,AD_victoria_pop21_65_et_plus,name,0,80;CSD_UID "CSD_UID" true true false 80 Text 0 0,First,#,AD_victoria_pop21_65_et_plus,CSD_UID,0,80;CT_UID "CT_UID" true true false 80 Text 0 0,First,#,AD_victoria_pop21_65_et_plus,CT_UID,0,80;CMA_UID "CMA_UID" true true false 80 Text 0 0,First,#,AD_victoria_pop21_65_et_plus,CMA_UID,0,80;ReginNm "ReginNm" true true false 80 Text 0 0,First,#,AD_victoria_pop21_65_et_plus,ReginNm,0,80;Ar(skm) "Ar(skm)" true true false 24 Double 15 23,First,#,AD_victoria_pop21_65_et_plus,Ar(skm),-1,-1;pop_0_4 "Number of children ≤ 4 years old" true true false 24 Double 15 23,First,#,AD_victoria_pop21_65_et_plus,pop_0_4,-1,-1;pp_65_p "Number of elderly ≥ 65 years old" true true false 24 Double 15 23,First,#,AD_victoria_pop21_65_et_plus,pp_65_p,-1,-1;tx_0_4 "Proportion of children ≤ 4 years old (%)" true true false 24 Double 15 23,First,#,AD_victoria_pop21_65_et_plus,tx_0_4,-1,-1;tx_65_p "Proportion of elderly ≥ 65 years old (%)" true true false 24 Double 15 23,First,#,AD_victoria_pop21_65_et_plus,tx_65_p,-1,-1;tx_0_4_2 "by dissemination area" true true false 19 Double 0 0,First,#,AD_victoria_pop21_65_et_plus,tx_0_4_2,-1,-1;tx_65_p_2 "by dissemination area" true true false 19 Double 0 0,First,#,AD_victoria_pop21_65_et_plus,tx_65_p_2,-1,-1" #</Process><Process ToolSource="c:\program files\arcgis\pro\Resources\ArcToolbox\toolboxes\Data Management Tools.tbx\UpdateSchema" Date="20220525" Time="151654">UpdateSchema "CIMDATA=&lt;CIMFeatureDatasetDataConnection xsi:type='typens:CIMFeatureDatasetDataConnection' xmlns:xsi='http://www.w3.org/2001/XMLSchema-instance' xmlns:xs='http://www.w3.org/2001/XMLSchema' xmlns:typens='http://www.esri.com/schemas/ArcGIS/2.9.0'&gt;&lt;FeatureDataset&gt;Web_mercator_RMR_Victoria_2016&lt;/FeatureDataset&gt;&lt;WorkspaceConnectionString&gt;DATABASE=S:\FFGG\GGR\Cartographie\Karine\Benoit\SCHL\Donnees_atals_vul\Donnees_atlas.gdb&lt;/WorkspaceConnectionString&gt;&lt;WorkspaceFactory&gt;FileGDB&lt;/WorkspaceFactory&gt;&lt;Dataset&gt;AD_victoria_pop2021_champ_anglais&lt;/Dataset&gt;&lt;DatasetType&gt;esriDTFeatureClass&lt;/DatasetType&gt;&lt;/CIMFeatureDatasetDataConnection&gt;" &lt;operationSequence&gt;&lt;workflow&gt;&lt;DeleteField&gt;&lt;field_name&gt;CD_UID&lt;/field_name&gt;&lt;field_name&gt;ShapeAr&lt;/field_name&gt;&lt;field_name&gt;QltyFlg&lt;/field_name&gt;&lt;field_name&gt;name&lt;/field_name&gt;&lt;field_name&gt;CSD_UID&lt;/field_name&gt;&lt;field_name&gt;CT_UID&lt;/field_name&gt;&lt;field_name&gt;CMA_UID&lt;/field_name&gt;&lt;field_name&gt;ReginNm&lt;/field_name&gt;&lt;field_name&gt;Ar_skm_&lt;/field_name&gt;&lt;field_name&gt;tx_0_4_2&lt;/field_name&gt;&lt;field_name&gt;tx_65_p_2&lt;/field_name&gt;&lt;/DeleteField&gt;&lt;/workflow&gt;&lt;workflow&gt;&lt;AlterField&gt;&lt;field_name&gt;Popultn&lt;/field_name&gt;&lt;new_field_name&gt;TotPop&lt;/new_field_name&gt;&lt;field_is_nullable&gt;True&lt;/field_is_nullable&gt;&lt;clear_field_alias&gt;False&lt;/clear_field_alias&gt;&lt;/AlterField&gt;&lt;/workflow&gt;&lt;workflow&gt;&lt;AlterField&gt;&lt;field_name&gt;pp_65_p&lt;/field_name&gt;&lt;new_field_name&gt;pop_65_old&lt;/new_field_name&gt;&lt;field_is_nullable&gt;True&lt;/field_is_nullable&gt;&lt;clear_field_alias&gt;False&lt;/clear_field_alias&gt;&lt;/AlterField&gt;&lt;/workflow&gt;&lt;workflow&gt;&lt;AlterField&gt;&lt;field_name&gt;tx_0_4&lt;/field_name&gt;&lt;new_field_name&gt;Prop_0_4&lt;/new_field_name&gt;&lt;field_is_nullable&gt;True&lt;/field_is_nullable&gt;&lt;clear_field_alias&gt;False&lt;/clear_field_alias&gt;&lt;/AlterField&gt;&lt;/workflow&gt;&lt;workflow&gt;&lt;AlterField&gt;&lt;field_name&gt;tx_65_p&lt;/field_name&gt;&lt;new_field_name&gt;Prop_65_old&lt;/new_field_name&gt;&lt;field_is_nullable&gt;True&lt;/field_is_nullable&gt;&lt;clear_field_alias&gt;False&lt;/clear_field_alias&gt;&lt;/AlterField&gt;&lt;/workflow&gt;&lt;/operationSequence&gt;</Process><Process ToolSource="c:\program files\arcgis\pro\Resources\ArcToolbox\toolboxes\Conversion Tools.tbx\FeatureClassToFeatureClass" Date="20220525" Time="151802">FeatureClassToFeatureClass AD_victoria_pop2021_champ_anglais S:\FFGG\GGR\Cartographie\Karine\Benoit\SCHL\Donnees_atals_vul\SHP_Victoria_pour_telechargement DA_pop_2021.shp # "Dwllngs "Number of dwellings" true true false 4 Long 0 0,First,#,AD_victoria_pop2021_champ_anglais,Dwllngs,-1,-1;Type "Type" true true false 80 Text 0 0,First,#,AD_victoria_pop2021_champ_anglais,Type,0,80;GeoUID "GeoUID" true true false 80 Text 0 0,First,#,AD_victoria_pop2021_champ_anglais,GeoUID,0,80;Hoshlds "Number of households" true true false 4 Long 0 0,First,#,AD_victoria_pop2021_champ_anglais,Hoshlds,-1,-1;TotPop "Total population" true true false 4 Long 0 0,First,#,AD_victoria_pop2021_champ_anglais,TotPop,-1,-1;pop_0_4 "Number of children ≤ 4 years old" true true false 8 Double 0 0,First,#,AD_victoria_pop2021_champ_anglais,pop_0_4,-1,-1;pop_65_old "Number of elderly ≥ 65 years old" true true false 8 Double 0 0,First,#,AD_victoria_pop2021_champ_anglais,pop_65_old,-1,-1;Prop_0_4 "Proportion of children ≤ 4 years old (%)" true true false 8 Double 0 0,First,#,AD_victoria_pop2021_champ_anglais,Prop_0_4,-1,-1;Prop_65_old "Proportion of elderly ≥ 65 years old (%)" true true false 8 Double 0 0,First,#,AD_victoria_pop2021_champ_anglais,Prop_65_old,-1,-1;Shape_Length "Shape_Length" false true true 8 Double 0 0,First,#,AD_victoria_pop2021_champ_anglais,Shape_Length,-1,-1;Shape_Area "Shape_Area" false true true 8 Double 0 0,First,#,AD_victoria_pop2021_champ_anglais,Shape_Area,-1,-1" #</Process><Process ToolSource="c:\program files\arcgis\pro\Resources\ArcToolbox\toolboxes\Data Management Tools.tbx\UpdateSchema" Date="20220525" Time="151905">UpdateSchema "CIMDATA=&lt;CIMStandardDataConnection xsi:type='typens:CIMStandardDataConnection' xmlns:xsi='http://www.w3.org/2001/XMLSchema-instance' xmlns:xs='http://www.w3.org/2001/XMLSchema' xmlns:typens='http://www.esri.com/schemas/ArcGIS/2.9.0'&gt;&lt;WorkspaceConnectionString&gt;DATABASE=S:\FFGG\GGR\Cartographie\Karine\Benoit\SCHL\Donnees_atals_vul\SHP_Victoria_pour_telechargement&lt;/WorkspaceConnectionString&gt;&lt;WorkspaceFactory&gt;Shapefile&lt;/WorkspaceFactory&gt;&lt;Dataset&gt;DA_pop_2021&lt;/Dataset&gt;&lt;DatasetType&gt;esriDTFeatureClass&lt;/DatasetType&gt;&lt;/CIMStandardDataConnection&gt;" &lt;operationSequence&gt;&lt;workflow&gt;&lt;DeleteField&gt;&lt;field_name&gt;Type&lt;/field_name&gt;&lt;/DeleteField&gt;&lt;/workflow&gt;&lt;/operationSequence&gt;</Process></lineage><itemProps><itemName Sync="TRUE">DA_pop_2021</itemName><imsContentType Sync="TRUE">002</imsContentType><itemLocation><linkage Sync="TRUE">file://\\ffgg.ulaval.ca\Fichiers\FFGG\GGR\Cartographie\Karine\Benoit\SCHL\Donnees_atals_vul\SHP_Victoria_pour_telechargement\DA_pop_2021.shp</linkage><protocol Sync="TRUE">Local Area Network</protocol></itemLocation><itemSize Sync="TRUE">0.000</itemSize></itemProps><coordRef><type Sync="TRUE">Projected</type><geogcsn Sync="TRUE">GCS_WGS_1984</geogcsn><csUnits Sync="TRUE">Linear Unit: Meter (1.000000)</csUnits><projcsn Sync="TRUE">WGS_1984_Web_Mercator_Auxiliary_Sphere</projcsn><peXml Sync="TRUE">&lt;ProjectedCoordinateSystem xsi:type='typens:ProjectedCoordinateSystem' xmlns:xsi='http://www.w3.org/2001/XMLSchema-instance' xmlns:xs='http://www.w3.org/2001/XMLSchema' xmlns:typens='http://www.esri.com/schemas/ArcGIS/2.9.0'&gt;&lt;WKT&gt;PROJCS[&amp;quot;WGS_1984_Web_Mercator_Auxiliary_Sphere&amp;quot;,GEOGCS[&amp;quot;GCS_WGS_1984&amp;quot;,DATUM[&amp;quot;D_WGS_1984&amp;quot;,SPHEROID[&amp;quot;WGS_1984&amp;quot;,6378137.0,298.257223563]],PRIMEM[&amp;quot;Greenwich&amp;quot;,0.0],UNIT[&amp;quot;Degree&amp;quot;,0.0174532925199433]],PROJECTION[&amp;quot;Mercator_Auxiliary_Sphere&amp;quot;],PARAMETER[&amp;quot;False_Easting&amp;quot;,0.0],PARAMETER[&amp;quot;False_Northing&amp;quot;,0.0],PARAMETER[&amp;quot;Central_Meridian&amp;quot;,0.0],PARAMETER[&amp;quot;Standard_Parallel_1&amp;quot;,0.0],PARAMETER[&amp;quot;Auxiliary_Sphere_Type&amp;quot;,0.0],UNIT[&amp;quot;Meter&amp;quot;,1.0],AUTHORITY[&amp;quot;EPSG&amp;quot;,3857]]&lt;/WKT&gt;&lt;XOrigin&gt;-20037700&lt;/XOrigin&gt;&lt;YOrigin&gt;-30241100&lt;/YOrigin&gt;&lt;XYScale&gt;148923141.92838538&lt;/XYScale&gt;&lt;ZOrigin&gt;-100000&lt;/ZOrigin&gt;&lt;ZScale&gt;10000&lt;/ZScale&gt;&lt;MOrigin&gt;-100000&lt;/MOrigin&gt;&lt;MScale&gt;10000&lt;/MScale&gt;&lt;XYTolerance&gt;0.001&lt;/XYTolerance&gt;&lt;ZTolerance&gt;0.001&lt;/ZTolerance&gt;&lt;MTolerance&gt;0.001&lt;/MTolerance&gt;&lt;HighPrecision&gt;true&lt;/HighPrecision&gt;&lt;WKID&gt;102100&lt;/WKID&gt;&lt;LatestWKID&gt;3857&lt;/LatestWKID&gt;&lt;/ProjectedCoordinateSystem&gt;</peXml></coordRef></DataProperties><SyncDate>20220525</SyncDate><SyncTime>15180200</SyncTime><ModDate>20220525</ModDate><ModTime>15180200</ModTime></Esri><dataIdInfo><envirDesc Sync="TRUE">Microsoft Windows 10 Version 10.0 (Build 19044) ; Esri ArcGIS 12.9.2.32739</envirDesc><dataLang><languageCode value="fra" Sync="TRUE"></languageCode><countryCode value="CAN" Sync="TRUE"></countryCode></dataLang><idCitation><resTitle Sync="TRUE">DA_pop_2021</resTitle><presForm><PresFormCd value="005" Sync="TRUE"></PresFormCd></presForm></idCitation><spatRpType><SpatRepTypCd value="001" Sync="TRUE"></SpatRepTypCd></spatRpType></dataIdInfo><mdLang><languageCode value="fra" Sync="TRUE"></languageCode><countryCode value="CAN" Sync="TRUE"></countryCode></mdLang><distInfo><distFormat><formatName Sync="TRUE">Shapefile</formatName></distFormat><distTranOps><transSize Sync="TRUE">0.000</transSize></distTranOps></distInfo><mdHrLv><ScopeCd value="005" Sync="TRUE"></ScopeCd></mdHrLv><mdHrLvName Sync="TRUE">dataset</mdHrLvName><refSysInfo><RefSystem><refSysID><identCode code="3857" Sync="TRUE"></identCode><idCodeSpace Sync="TRUE">EPSG</idCodeSpace><idVersion Sync="TRUE">6.18.3(9.3.1.2)</idVersion></refSysID></RefSystem></refSysInfo><spatRepInfo><VectSpatRep><geometObjs Name="DA_pop_2021"><geoObjTyp><GeoObjTypCd value="002" Sync="TRUE"></GeoObjTypCd></geoObjTyp><geoObjCnt Sync="TRUE">0</geoObjCnt></geometObjs><topLvl><TopoLevCd value="001" Sync="TRUE"></TopoLevCd></topLvl></VectSpatRep></spatRepInfo><spdoinfo><ptvctinf><esriterm Name="DA_pop_2021"><efeatyp Sync="TRUE">Simple</efeatyp><efeageom code="4" Sync="TRUE"></efeageom><esritopo Sync="TRUE">FALSE</esritopo><efeacnt Sync="TRUE">0</efeacnt><spindex Sync="TRUE">FALSE</spindex><linrefer Sync="TRUE">FALSE</linrefer></esriterm></ptvctinf></spdoinfo><eainfo><detailed Name="DA_pop_2021"><enttyp><enttypl Sync="TRUE">DA_pop_2021</enttypl><enttypt Sync="TRUE">Feature Class</enttypt><enttypc Sync="TRUE">0</enttypc></enttyp><attr><attrlabl Sync="TRUE">FID</attrlabl><attalias Sync="TRUE">FID</attalias><attrtype Sync="TRUE">OID</attrtype><attwidth Sync="TRUE">4</attwidth><atprecis Sync="TRUE">0</atprecis><attscale Sync="TRUE">0</attscale><attrdef Sync="TRUE">Internal feature number.</attrdef><attrdefs Sync="TRUE">Esri</attrdefs><attrdomv><udom Sync="TRUE">Sequential unique whole numbers that are automatically generated.</udom></attrdomv></attr><attr><attrlabl Sync="TRUE">Shape</attrlabl><attalias Sync="TRUE">Shape</attalias><attrtype Sync="TRUE">Geometry</attrtype><attwidth Sync="TRUE">0</attwidth><atprecis Sync="TRUE">0</atprecis><attscale Sync="TRUE">0</attscale><attrdef Sync="TRUE">Feature geometry.</attrdef><attrdefs Sync="TRUE">Esri</attrdefs><attrdomv><udom Sync="TRUE">Coordinates defining the features.</udom></attrdomv></attr><attr><attrlabl Sync="TRUE">Dwllngs</attrlabl><attalias Sync="TRUE">Dwllngs</attalias><attrtype Sync="TRUE">Integer</attrtype><attwidth Sync="TRUE">10</attwidth><atprecis Sync="TRUE">10</atprecis><attscale Sync="TRUE">0</attscale></attr><attr><attrlabl Sync="TRUE">Type</attrlabl><attalias Sync="TRUE">Type</attalias><attrtype Sync="TRUE">String</attrtype><attwidth Sync="TRUE">80</attwidth><atprecis Sync="TRUE">0</atprecis><attscale Sync="TRUE">0</attscale></attr><attr><attrlabl Sync="TRUE">GeoUID</attrlabl><attalias Sync="TRUE">GeoUID</attalias><attrtype Sync="TRUE">String</attrtype><attwidth Sync="TRUE">80</attwidth><atprecis Sync="TRUE">0</atprecis><attscale Sync="TRUE">0</attscale></attr><attr><attrlabl Sync="TRUE">Hoshlds</attrlabl><attalias Sync="TRUE">Hoshlds</attalias><attrtype Sync="TRUE">Integer</attrtype><attwidth Sync="TRUE">10</attwidth><atprecis Sync="TRUE">10</atprecis><attscale Sync="TRUE">0</attscale></attr><attr><attrlabl Sync="TRUE">TotPop</attrlabl><attalias Sync="TRUE">TotPop</attalias><attrtype Sync="TRUE">Integer</attrtype><attwidth Sync="TRUE">10</attwidth><atprecis Sync="TRUE">10</atprecis><attscale Sync="TRUE">0</attscale></attr><attr><attrlabl Sync="TRUE">pop_0_4</attrlabl><attalias Sync="TRUE">pop_0_4</attalias><attrtype Sync="TRUE">Double</attrtype><attwidth Sync="TRUE">19</attwidth><atprecis Sync="TRUE">0</atprecis><attscale Sync="TRUE">0</attscale></attr><attr><attrlabl Sync="TRUE">pop_65_old</attrlabl><attalias Sync="TRUE">pop_65_old</attalias><attrtype Sync="TRUE">Double</attrtype><attwidth Sync="TRUE">19</attwidth><atprecis Sync="TRUE">0</atprecis><attscale Sync="TRUE">0</attscale></attr><attr><attrlabl Sync="TRUE">Prop_0_4</attrlabl><attalias Sync="TRUE">Prop_0_4</attalias><attrtype Sync="TRUE">Double</attrtype><attwidth Sync="TRUE">19</attwidth><atprecis Sync="TRUE">0</atprecis><attscale Sync="TRUE">0</attscale></attr><attr><attrlabl Sync="TRUE">Prop_65_ol</attrlabl><attalias Sync="TRUE">Prop_65_ol</attalias><attrtype Sync="TRUE">Double</attrtype><attwidth Sync="TRUE">19</attwidth><atprecis Sync="TRUE">0</atprecis><attscale Sync="TRUE">0</attscale></attr><attr><attrlabl Sync="TRUE">Shape_Leng</attrlabl><attalias Sync="TRUE">Shape_Leng</attalias><attrtype Sync="TRUE">Double</attrtype><attwidth Sync="TRUE">19</attwidth><atprecis Sync="TRUE">0</atprecis><attscale Sync="TRUE">0</attscale></attr><attr><attrlabl Sync="TRUE">Shape_Area</attrlabl><attalias Sync="TRUE">Shape_Area</attalias><attrtype Sync="TRUE">Double</attrtype><attwidth Sync="TRUE">19</attwidth><atprecis Sync="TRUE">0</atprecis><attscale Sync="TRUE">0</attscale><attrdef Sync="TRUE">Area of feature in internal units squared.</attrdef><attrdefs Sync="TRUE">Esri</attrdefs><attrdomv><udom Sync="TRUE">Positive real numbers that are automatically generated.</udom></attrdomv></attr></detailed></eainfo><mdDateSt Sync="TRUE">20220525</mdDateSt></metadata>
